KH001,Nguyễn Thị Hằng,0912345678
KH002,Trần Văn Đức,0387654321
KH003,Phạm Thị Ngọc,0967891234
KH004,Lê Thị Trang,0901234567
KH005,Hoàng Văn Nam,0376543210
KH006,Nguyễn Văn Hải,0318765432
KH007,Vũ Thị Loan,0343216789
KH008,Bùi Văn Tú,0934567891
KH009,Đặng Thị Bình,0956789123
KH010,Trần Thanh Trúc,0923456789
KH011,Phan Văn Tuấn,0987890123
KH012,Lê Thị Hương,0965437891
KH013,Nguyễn Đình Đức,0312345678
KH014,Hoàng Anh Tuấn,0387654321
KH015,Trần Thị Lan,0967891234
KH016,Phạm Văn Hải,0901234567
KH017,Nguyễn Thị Mai,0976543210
KH018,Lê Văn Hưng,0918765432
KH019,Vũ Thị Anh,0943216789
KH020,Bùi Văn Hiền,0334567891
KH021,Đặng Thị Hạnh,0956789123
KH022,Trần Văn Hùng,0923456789
KH023,Phan Thị Hà,0987890123
KH024,Lê Thị Hà,0965437891
KH025,Hoàng Văn Sơn,0912345678
KH026,Nguyễn Thị Thu,0987654321
KH027,Trần Văn Đạt,0367891234
KH028,Phạm Thị Trang,0301234567
KH029,Lê Văn Tuấn,0376543210
KH030,Nguyễn Thị Hằng,0918765432
KH031,Vũ Văn Lợi,0343216789
KH032,Bùi Thị Lan,0334567891
KH033,Đặng Văn Đức,0356789123
KH034,Trần Thị Ngân,0923456789
KH035,Phan Văn Hải,0387890123
KH036,Lê Thị Hằng,0365437891
KH037,Hoàng Văn Hưng,0912345678
KH038,Nguyễn Thị Lan,0987654321
KH039,Trần Văn Hiếu,0367891234
KH040,Phạm Văn Thắng,0301234567